k,x,scalar_root,reduced_kirchhoff,reduced_norm,full_verified,full_kirchhoff,full_norm,vertices,edges
5,0.3249196962329063,0.7433885801423853,1.3877787807814457e-16,2.220446049250313e-16,True,3.885780586188048e-16,2.220446049250313e-16,40,60
7,0.22824347439014994,0.7746794809022759,1.1102230246251565e-16,5.551115123125783e-16,True,7.216449660063518e-16,7.771561172376096e-16,56,84
9,0.17632698070846498,0.7900767202360968,1.1102230246251565e-16,6.661338147750939e-16,True,1.1657341758564144e-15,6.661338147750939e-16,72,108
11,0.14377829399497333,0.7990906969288412,5.551115123125783e-17,8.881784197001252e-16,True,3.3306690738754696e-16,9.992007221626409e-16,88,132
13,0.12142198322226053,0.8049695383035644,6.938893903907228e-17,6.661338147750939e-16,True,7.077671781985373e-16,6.661338147750939e-16,104,156
15,0.10510423526567646,0.809092745304636,5.551115123125783e-17,4.440892098500626e-16,True,6.661338147750939e-16,1.5543122344752192e-15,120,180
17,0.09266364624202977,0.8121389114610011,6.938893903907228e-17,8.881784197001252e-16,True,3.0531133177191805e-16,9.992007221626409e-16,136,204
19,0.08286236245076677,0.8144786677160312,1.249000902703301e-16,8.881784197001252e-16,True,2.067790383364354e-15,1.4432899320127035e-15,152,228
21,0.07493964001908697,0.8163308774285245,2.1510571102112408e-16,2.220446049250313e-16,True,4.565792188770956e-15,4.440892098500626e-16,168,252
23,0.06840187392057948,0.8178328261915545,7.632783294297951e-17,6.661338147750939e-16,True,9.575673587391975e-16,8.881784197001252e-16,184,276
25,0.06291466725364976,0.8190748678608096,2.5673907444456745e-16,6.661338147750939e-16,True,5.5164206536062466e-15,7.771561172376096e-16,200,300
27,0.058243367469983404,0.8201188419585063,9.71445146547012e-17,8.881784197001252e-16,True,2.6853519408120974e-15,3.552713678800501e-15,216,324
29,0.05421842457591445,0.8210084697829942,1.1796119636642288e-16,4.440892098500626e-16,True,3.25434124093249e-15,1.5543122344752192e-15,232,348
31,0.050714260228040764,0.8217755211022592,6.245004513516506e-17,6.661338147750939e-16,True,2.851885394505871e-15,8.881784197001252e-16,248,372
33,0.047635871108430095,0.8224436277276866,1.8735013540549517e-16,8.881784197001252e-16,True,5.7592819402429996e-15,1.4432899320127035e-15,264,396
35,0.044910051784287815,0.823030727137337,6.938893903907228e-17,1.2212453270876722e-15,True,3.5110803153770576e-15,3.1086244689504383e-15,280,420
37,0.04247947864201227,0.8235506769691185,2.7755575615628914e-16,1.1102230246251565e-15,True,8.403000517631654e-15,3.9968028886505635e-15,296,444
39,0.04029862236583706,0.8240143505552966,2.0816681711721685e-16,4.440892098500626e-16,True,6.369904603786836e-15,2.886579864025407e-15,312,468
41,0.03833086160261813,0.8244303979541534,2.636779683484747e-16,3.3306690738754696e-16,True,1.0116907311896739e-14,9.992007221626409e-16,328,492
43,0.03654640505135073,0.8248057857152626,2.0816681711721685e-17,4.440892098500626e-16,True,1.3322676295501878e-15,3.3306690738754696e-15,344,516
45,0.03492076949174773,0.8251461868748375,1.8388068845354155e-16,3.3306690738754696e-16,True,8.677086826835989e-15,2.4424906541753444e-15,360,540
47,0.03343364756910704,0.8254562674674135,1.457167719820518e-16,1.6653345369377348e-15,True,5.235395450498004e-15,3.1086244689504383e-15,376,564
49,0.032068053618079614,0.8257399001990893,2.3592239273284576e-16,8.881784197001252e-16,True,1.2521234049600594e-14,1.5543122344752192e-15,392,588
51,0.030809670975751834,0.8260003259864656,1.1102230246251565e-16,2.220446049250313e-16,True,2.248201624865942e-15,4.440892098500626e-15,408,612
53,0.029646347415992442,0.8262402776079287,2.2898349882893854e-16,4.440892098500626e-16,True,1.3496148643099559e-14,5.218048215738236e-15,424,636
55,0.028567700907008275,0.8264620754354303,5.551115123125783e-17,1.2212453270876722e-15,True,1.5543122344752192e-15,3.885780586188048e-15,440,660
57,0.027564808532320278,0.8266677023285921,1.2836953722228372e-16,2.220446049250313e-16,True,5.766220834146907e-15,2.6645352591003757e-15,456,684
59,0.026629958798956032,0.826858862793338,6.245004513516506e-17,1.5543122344752192e-15,True,4.631711680858075e-15,1.7763568394002505e-15,472,708
61,0.02575645275579316,0.8270370301287534,1.8388068845354155e-16,1.1102230246251565e-15,True,9.92608772953929e-15,1.9984014443252818e-15,488,732
63,0.024938443055046004,0.8272034843124071,2.42861286636753e-16,2.220446049250313e-16,True,1.6105172750968677e-14,2.9976021664879227e-15,504,756
65,0.024170802770211622,0.8273593426779667,2.3245294578089215e-16,4.440892098500626e-16,True,1.345798472662807e-14,5.440092820663267e-15,520,780
67,0.023449017742496272,0.827505584934725,2.0816681711721685e-16,1.4432899320127035e-15,True,1.318042897047178e-14,3.219646771412954e-15,536,804
69,0.022769097674461936,0.8276430737094684,2.7755575615628914e-17,2.220446049250313e-16,True,2.733924198139448e-15,4.440892098500626e-16,552,828
71,0.022127502268889432,0.8277725715179647,1.734723475976807e-17,1.7763568394002505e-15,True,7.181755190543981e-16,1.9984014443252818e-15,568,852
73,0.021521079523522505,0.8278947548692809,1.0061396160665481e-16,8.881784197001252e-16,True,7.0186911838021615e-15,4.440892098500626e-15,584,876
75,0.020947013909659987,0.8280102260522626,1.4224732503009818e-16,8.881784197001252e-16,True,1.1088352458443751e-14,3.3306690738754696e-15,600,900
77,0.020402782635333513,0.8281195230364803,1.3183898417423734e-16,1.9984014443252818e-15,True,1.0071804501521342e-14,3.552713678800501e-15,616,924
79,0.019886118558698172,0.8282231278302455,2.0122792321330962e-16,2.220446049250313e-16,True,1.6351503484557384e-14,1.9984014443252818e-15,632,948
81,0.01939497860095203,0.8283214735689819,1.1102230246251565e-16,1.5543122344752192e-15,True,7.608497165634276e-15,1.9984014443252818e-15,648,972
83,0.018927516730183544,0.8284149505533007,1.3183898417423734e-16,8.881784197001252e-16,True,9.440365156265784e-15,2.4424906541753444e-15,664,996
85,0.018482060762539353,0.8285039114138908,1.1102230246251565e-16,3.3306690738754696e-16,True,4.107825191113079e-15,9.992007221626409e-15,680,1020
87,0.018057092365849372,0.8285886755470171,1.1102230246251565e-16,4.440892098500626e-16,True,1.6653345369377348e-15,3.9968028886505635e-15,696,1044
89,0.0176512297614967,0.8286695329379812,1.97758476261356e-16,1.5543122344752192e-15,True,1.495678580987203e-14,2.3314683517128287e-15,712,1068
91,0.01726321270905985,0.8287467474688247,1.491862189340054e-16,4.440892098500626e-16,True,1.13988679606436e-14,8.659739592076221e-15,728,1092
93,0.016891889429801032,0.8288205597896271,1.1102230246251565e-16,2.220446049250313e-16,True,3.9968028886505635e-15,9.547918011776346e-15,744,1116
95,0.016536205183050493,0.8288911898190987,1.5612511283791264e-16,4.440892098500626e-16,True,1.659263004771816e-14,1.0436096431476471e-14,760,1140
97,0.016195192256744588,0.8289588389291149,9.020562075079397e-17,8.881784197001252e-16,True,9.870576578308032e-15,1.021405182655144e-14,776,1164
99,0.015867961171991508,0.8290236918588165,3.469446951953614e-18,1.5543122344752192e-15,True,5.218048215738236e-15,1.2545520178264269e-14,792,1188
101,0.015553692933266857,0.8290859183965362,2.42861286636753e-16,2.220446049250313e-16,True,2.346560445953827e-14,1.4432899320127035e-15,808,1212
103,0.015251632182019931,0.829145674861739,6.071532165918825e-17,6.661338147750939e-16,True,2.1996293675385914e-15,1.5543122344752192e-15,824,1236
105,0.014961081133158772,0.8292031054141786,1.1102230246251565e-16,4.440892098500626e-16,True,2.1874863032067537e-15,4.218847493575595e-15,840,1260
107,0.014681394191918244,0.8292583432133124,9.020562075079397e-17,2.220446049250313e-16,True,7.995340500777104e-15,2.4424906541753444e-15,856,1284
109,0.0144119731636707,0.8293115114475783,4.597017211338539e-17,2.220446049250313e-16,True,6.3265365168874155e-15,8.881784197001252e-16,872,1308
111,0.014152262981850981,0.8293627242502614,1.457167719820518e-16,4.440892098500626e-16,True,1.680947048221526e-14,8.992806499463768e-15,888,1332
113,0.013901747889769321,0.829412087516257,4.85722573273506e-17,6.661338147750939e-16,True,6.697767340746452e-15,7.327471962526033e-15,904,1356
115,0.013659948021026923,0.8294596996320196,1.5785983631388945e-16,1.6653345369377348e-15,True,1.882001499087238e-14,9.547918011776346e-15,920,1380
117,0.01342641633081376,0.8295056521292742,2.411265631607762e-16,1.5543122344752192e-15,True,2.8052213330020948e-14,7.438494264988549e-15,936,1404
119,0.013200735836787924,0.8295500302716117,1.3010426069826053e-16,7.771561172376096e-16,True,1.6797327417883423e-14,6.8833827526759706e-15,952,1428
121,0.012982517133700083,0.829592913581881,2.6020852139652106e-17,9.992007221626409e-16,True,6.772360450213455e-15,1.6209256159527285e-14,968,1452
123,0.012771396150590676,0.8296343763172218,1.5265566588595902e-16,8.881784197001252e-16,True,1.8464396678297135e-14,1.1102230246251565e-14,984,1476
125,0.012567032123379578,0.8296744878977073,2.671474153004283e-16,5.551115123125783e-16,True,3.433191231305699e-14,1.0880185641326534e-14,1000,1500
127,0.012369105759093899,0.8297133132937985,1.3357370765021415e-16,4.440892098500626e-16,True,1.917389857997165e-14,1.1102230246251565e-15,1016,1524
129,0.012177317570927323,0.829750913377148,1.8388068845354155e-16,8.881784197001252e-16,True,2.5370330836160804e-14,2.6645352591003757e-15,1032,1548
131,0.011991386365866732,0.8297873452387396,7.112366251504909e-17,2.220446049250313e-16,True,8.546982566137729e-15,2.9976021664879227e-15,1048,1572
133,0.01181104786882011,0.8298226624778547,3.9898639947466563e-17,2.220446049250313e-16,True,7.509617927503598e-15,2.220446049250313e-15,1064,1596
135,0.011636053469084666,0.8298569154649382,2.7755575615628914e-16,2.220446049250313e-16,True,3.3790678588552225e-14,1.1102230246251565e-14,1080,1620
137,0.011466169076648587,0.8298901515810756,1.1102230246251565e-16,1.1102230246251565e-15,True,6.328271240363392e-15,1.554312234475219e-14,1096,1644
139,0.011301174077260117,0.8299224154364715,1.1102230246251565e-16,4.440892098500626e-16,True,1.3515230601335304e-14,1.099120794378905e-14,1112,1668
141,0.01114086037645383,0.8299537490700449,3.165870343657673e-17,2.220446049250313e-16,True,2.220446049250313e-15,5.329070518200751e-15,1128,1692
143,0.010985031523822065,0.8299841921320228,1.0408340855860843e-16,6.661338147750939e-16,True,1.6752224607508026e-14,5.995204332975845e-15,1144,1716
145,0.01083350190978116,0.830013782051191,6.245004513516506e-17,4.440892098500626e-16,True,5.329070518200751e-15,5.218048215738236e-15,1160,1740
147,0.010686096027926022,0.8300425541882925,2.931682674400804e-16,2.220446049250313e-16,True,4.1217029789208937e-14,2.531308496145357e-14,1176,1764
149,0.010542647796808425,0.8300705419768869,2.185751579730777e-16,1.2212453270876722e-15,True,3.252606517456513e-14,2.3314683517128287e-15,1192,1788
151,0.010402999935627925,0.8300977770528551,1.3530843112619095e-16,2.220446049250313e-16,True,1.8561541192951836e-14,3.1086244689504383e-15,1208,1812
153,0.0102670033889007,0.8301242893735997,6.938893903907228e-17,8.881784197001252e-16,True,1.0805592531859531e-14,1.4210854715202004e-14,1224,1836
155,0.01013451679568131,0.8301501073278883,1.682681771697503e-16,6.661338147750939e-16,True,2.6223814786341393e-14,7.327471962526033e-15,1240,1860
157,0.010005405999363311,0.8301752578371812,2.8275992658421956e-16,1.3322676295501878e-15,True,4.326400349086157e-14,5.329070518200751e-15,1256,1884
159,0.009879543594484824,0.830199766449207,1.6479873021779667e-17,1.1102230246251565e-15,True,4.328135072562134e-15,2.7755575615628914e-15,1272,1908
161,0.00975680850732038,0.8302236574244692,1.1102230246251565e-16,8.881784197001252e-16,True,4.107825191113079e-15,9.880984919163893e-15,1288,1932
163,0.009637085607356368,0.8302469538162964,7.546047120499111e-17,8.881784197001252e-16,True,1.0299053276874304e-14,1.7763568394002505e-15,1304,1956
165,0.009520265347029025,0.8302696775449943,1.6479873021779667e-16,4.440892098500626e-16,True,3.1237165631914365e-14,1.0880185641326534e-14,1320,1980
167,0.009406243427355066,0.8302918494665965,2.0556473190325164e-16,1.7763568394002505e-15,True,3.4926055103579046e-14,3.9968028886505635e-15,1336,2004
169,0.00929492048730948,0.8303134894366747,1.986258379993444e-16,4.440892098500626e-16,True,2.960045403233025e-14,2.5646151868841116e-14,1352,2028
171,0.009186201815005814,0.8303346163696068,1.1102230246251565e-16,4.440892098500626e-16,True,1.7987347722403513e-14,2.90878432451791e-14,1368,2052
173,0.009079997078914211,0.8303552482936863,2.7755575615628914e-17,2.220446049250313e-16,True,5.168608596672897e-15,8.659739592076221e-15,1384,2076
175,0.008976220077513778,0.8303754024024032,1.6132928326584306e-16,6.661338147750939e-16,True,3.01573002681188e-14,8.659739592076221e-15,1400,2100
177,0.008874788505920916,0.8303950951022037,2.0816681711721685e-17,4.440892098500626e-16,True,7.882583474838611e-15,1.9206858326015208e-14,1416,2124
179,0.008775623738165582,0.8304143420570101,4.9873299934333204e-17,1.3322676295501878e-15,True,5.218048215738236e-15,1.2878587085651816e-14,1432,2148
181,0.008678650623904912,0.8304331582297535,3.209238430557093e-17,4.440892098500626e-16,True,1.7763568394002505e-15,4.218847493575595e-15,1448,2172
183,0.00858379729846944,0.8304515579211458,1.8214596497756474e-17,8.881784197001252e-16,True,3.219646771412954e-15,8.881784197001252e-15,1464,2196
185,0.008490995005232828,0.8304695548059127,2.5673907444456745e-16,4.440892098500626e-16,True,5.1850884696946764e-14,9.325873406851315e-15,1480,2220
187,0.00840017792938222,0.8304871619666688,2.7755575615628914e-17,8.881784197001252e-16,True,5.773159728050814e-15,1.3766765505351941e-14,1496,2244
189,0.008311283042244665,0.8305043919256196,1.48318857196017e-16,4.440892098500626e-16,True,2.991357161974406e-14,2.19824158875781e-14,1512,2268
191,0.008224249955395635,0.8305212566742474,2.2811613709095013e-16,1.3322676295501878e-15,True,4.1027944930327465e-14,1.3211653993039363e-14,1528,2292
193,0.008139020783839988,0.8305377677011294,2.3245294578089215e-16,4.440892098500626e-16,True,4.2407917455467015e-14,9.992007221626409e-15,1544,2316
195,0.008055540017613858,0.8305539360180274,2.8015784137025435e-16,8.881784197001252e-16,True,5.023412241733638e-14,6.994405055138486e-15,1560,2340
197,0.00797375440120898,0.8305697721843655,1.4051260155412137e-16,8.881784197001252e-16,True,2.7298475979709025e-14,8.548717289613705e-15,1576,2364
199,0.007893612820268962,0.8305852863302196,2.237793284010081e-16,2.220446049250313e-16,True,4.939278153148763e-14,1.2878587085651816e-14,1592,2388
201,0.007815066195050966,0.8306004881779169,1.465841337200402e-16,1.5543122344752192e-15,True,2.7407763558695564e-14,8.215650382226158e-15,1608,2412
203,0.00773806738018615,0.8306153870623458,6.765421556309548e-17,6.661338147750939e-16,True,1.027389978647264e-14,7.105427357601002e-15,1624,2436
205,0.0076625710703085905,0.8306299919500612,5.2909066017292616e-17,1.9984014443252818e-15,True,1.1332081106818492e-14,1.9539925233402755e-14,1640,2460
207,0.007588533711155756,0.8306443114572754,5.898059818321144e-17,1.3322676295501878e-15,True,1.1303458169464875e-14,1.965094753586527e-14,1656,2484
209,0.0075159134157739655,0.8306583538667979,5.2909066017292616e-17,1.3322676295501878e-15,True,7.59548673956445e-15,1.199040866595169e-14,1672,2508
211,0.007444669885490032,0.8306721271440101,2.7582103268031233e-16,2.220446049250313e-16,True,5.6398462289219964e-14,3.885780586188048e-15,1688,2532
213,0.007374764335335795,0.8306856389519222,7.025630077706069e-17,6.661338147750939e-16,True,1.4131924797045059e-14,4.884981308350689e-15,1704,2556
215,0.007306159423635549,0.830698896665387,7.45931094670027e-17,6.661338147750939e-16,True,1.3534312559571049e-14,1.509903313490213e-14,1720,2580
217,0.007238819185487722,0.8307119073845168,1.1102230246251565e-16,4.440892098500626e-16,True,1.4099832412739488e-14,3.397282455352979e-14,1736,2604
219,0.007172708969891863,0.8307246779473575,5.334274688628682e-17,1.5543122344752192e-15,True,5.712444406391626e-15,6.217248937900877e-15,1752,2628
221,0.007107795380289952,0.8307372149418688,5.551115123125783e-17,4.440892098500626e-16,True,8.659739592076221e-15,2.0650148258027912e-14,1768,2652
223,0.007044046218307671,0.8307495247172534,4.2934406030425976e-17,8.881784197001252e-16,True,4.884981308350689e-15,1.1879386363489175e-14,1784,2676
225,0.006981430430496479,0.8307616133946731,1.3183898417423734e-16,4.440892098500626e-16,True,2.595319792408901e-14,2.1538326677728037e-14,1800,2700
227,0.006919918057891413,0.8307734868773973,2.3245294578089215e-16,6.661338147750939e-16,True,4.7107283351888185e-14,9.547918011776346e-15,1816,2724
229,0.006859480188212451,0.8307851508604096,1.43982048506075e-16,4.440892098500626e-16,True,2.783363817204787e-14,1.8762769116165146e-14,1832,2748
231,0.006800088910549188,0.8307966108395156,1.1102230246251565e-16,6.661338147750939e-16,True,2.667137344314341e-14,3.3639757646142243e-14,1848,2772
233,0.006741717272379613,0.8308078721199719,1.1102230246251565e-16,3.3306690738754696e-16,True,1.6421759785334444e-14,1.84297022087776e-14,1864,2796
235,0.006684339238783889,0.8308189398246747,1.682681771697503e-16,9.992007221626409e-16,True,4.242699941370276e-14,1.8207657603852567e-14,1880,2820
237,0.006627929653723492,0.8308298189019275,2.8796409701215e-16,1.7763568394002505e-15,True,6.176222727694025e-14,5.773159728050814e-15,1896,2844
239,0.006572464203264696,0.830840514132814,6.071532165918825e-17,9.992007221626409e-16,True,3.774758283725532e-15,9.103828801926284e-15,1912,2868
241,0.00651791938063342,0.8308510301382053,7.37257477290143e-18,4.440892098500626e-16,True,9.658940314238862e-15,2.3314683517128287e-14,1928,2892
243,0.006464272452995956,0.8308613713854112,1.1102230246251565e-16,4.440892098500626e-16,True,7.993605777301127e-15,1.9095836023552692e-14,1944,2916
245,0.006411501429866913,0.8308715421945082,2.1250362580715887e-16,1.7763568394002505e-15,True,5.0411064211886014e-14,7.105427357601002e-15,1960,2940
247,0.006359585033052142,0.8308815467443551,1.3357370765021415e-16,6.661338147750939e-16,True,3.24011650842948e-14,2.5979218776228663e-14,1976,2964
249,0.0063085026680403476,0.8308913890783142,4.336808689942018e-17,1.1102230246251565e-15,True,4.3298697960381105e-15,1.099120794378905e-14,1992,2988
251,0.0062582343967625435,0.8309010731097014,2.185751579730777e-16,1.1102230246251565e-15,True,5.039198225365027e-14,1.8540724511240114e-14,2008,3012
253,0.006208760911643675,0.8309106026269706,4.85722573273506e-17,6.661338147750939e-16,True,1.5591694602079542e-14,1.9539925233402755e-14,2024,3036
255,0.0061600635108754595,0.8309199812986535,8.239936510889834e-17,4.440892098500626e-16,True,1.7921428230316394e-14,3.3306690738754696e-14,2040,3060
257,0.006112124074843886,0.8309292126780693,1.691355389077387e-16,9.992007221626409e-16,True,4.512275969537072e-14,4.218847493575595e-15,2056,3084
259,0.0060649250436490025,0.8309383002078103,7.025630077706069e-17,2.220446049250313e-16,True,1.8753228137047273e-14,5.329070518200751e-15,2072,3108
261,0.006018449395658331,0.8309472472240219,1.1102230246251565e-16,8.881784197001252e-16,True,1.7192844370406135e-14,2.631228568361621e-14,2088,3132
263,0.005972680627038947,0.8309560569604847,9.80118763926896e-17,4.440892098500626e-16,True,2.9999440431804913e-14,2.4646951146678475e-14,2104,3156
265,0.005927602732216473,0.8309647325525115,4.2500725161431774e-17,5.551115123125783e-16,True,8.659739592076221e-15,2.0872192862952943e-14,2120,3180
267,0.005883200185212386,0.8309732770406655,5.0306980803327406e-17,2.220446049250313e-16,True,9.103828801926284e-15,2.220446049250313e-14,2136,3204
269,0.005839457921813943,0.830981693374313,2.0209528495129803e-16,1.4432899320127035e-15,True,5.887217796596289e-14,2.9976021664879227e-15,2152,3228
271,0.005796361322533686,0.8309899844150176,3.729655473350135e-17,6.661338147750939e-16,True,1.3654875841151437e-14,7.993605777301127e-15,2168,3252
273,0.005753896196318035,0.8309981529397814,1.1188966420050406e-16,2.220446049250313e-16,True,3.0020257113516635e-14,1.9539925233402755e-14,2184,3276
275,0.005712048764966846,0.8310062016441473,8.413408858487514e-17,1.7763568394002505e-15,True,2.237793284010081e-14,9.103828801926284e-15,2200,3300
277,0.00567080564822797,0.8310141331451628,1.1102230246251565e-16,8.881784197001252e-16,True,1.7707189881033258e-14,6.217248937900877e-15,2216,3324
279,0.005630153849532971,0.8310219499842173,5.2692225582795515e-17,6.661338147750939e-16,True,1.753805434212552e-14,1.0658141036401503e-14,2232,3348
281,0.005590080742342025,0.8310296546297561,5.551115123125783e-17,1.9984014443252818e-15,True,1.3211653993039363e-14,3.186340080674199e-14,2248,3372
283,0.005550574057067894,0.8310372494798788,8.326672684688674e-17,4.440892098500626e-16,True,1.8150411729145333e-14,2.298161660974074e-14,2264,3396
285,0.005511621868550489,0.8310447368648262,2.2724877535296173e-16,1.6653345369377348e-15,True,7.137866686601768e-14,1.6431300764452317e-14,2280,3420
287,0.005473212584055196,0.8310521190493658,2.237793284010081e-16,2.220446049250313e-16,True,6.429318882839041e-14,3.708144902248023e-14,2296,3444
289,0.005435334931769572,0.8310593982350734,2.0990154059319366e-16,8.881784197001252e-16,True,5.91037635500058e-14,1.1324274851176597e-14,2312,3468
291,0.005397977949774446,0.8310665765625216,4.7488055154865094e-17,2.220446049250313e-16,True,5.5571866552917015e-15,9.547918011776346e-15,2328,3492
293,0.005361130975466722,0.8310736561133798,2.3071822230491534e-16,4.440892098500626e-16,True,5.980459183430042e-14,1.9761969838327786e-14,2344,3516
295,0.005324783635412499,0.8310806389124248,2.5240226575462543e-16,8.881784197001252e-16,True,7.19606665922079e-14,2.930988785010413e-14,2360,3540
297,0.005288925835610177,0.8310875269294712,4.9439619065339e-17,4.440892098500626e-16,True,2.0557340552063152e-14,1.3322676295501878e-14,2376,3564
299,0.005253547752144371,0.8310943220812246,1.1188966420050406e-16,3.3306690738754696e-16,True,3.8039883742957414e-14,1.4210854715202004e-14,2392,3588
301,0.0052186398222124454,0.8311010262330585,2.0383000842727483e-16,8.881784197001252e-16,True,5.927029700369957e-14,1.2656542480726785e-14,2408,3612
303,0.0051841927355064646,0.831107641200722,5.551115123125783e-17,4.440892098500626e-16,False,,,2424,3636
305,0.005150197425934234,0.8311141687519781,1.1102230246251565e-16,2.220446049250313e-16,False,,,2440,3660
307,0.00511664506366396,0.831120610608179,1.968911145233676e-16,3.3306690738754696e-16,False,,,2456,3684
309,0.005083527047477888,0.8311269684457797,3.729655473350135e-17,1.9984014443252818e-15,False,,,2472,3708
311,0.005050834997420979,0.8311332438977904,4.3151246464923076e-17,8.881784197001252e-16,False,,,2488,3732
313,0.005018560747731458,0.8311394385551778,1.3444106938820255e-16,4.440892098500626e-16,False,,,2504,3756
315,0.004986696340040685,0.8311455539682058,7.958043946043603e-17,9.992007221626409e-16,False,,,2520,3780
317,0.004955234016830452,0.8311515916477322,8.760353553682876e-17,1.7763568394002505e-15,False,,,2536,3804
319,0.004924166215136425,0.8311575530664495,7.37257477290143e-17,1.9984014443252818e-15,False,,,2552,3828
321,0.004893485560486979,0.8311634396600863,1.5612511283791264e-16,2.220446049250313e-16,False,,,2568,3852
323,0.004863184861067236,0.8311692528285559,4.336808689942018e-17,4.440892098500626e-16,False,,,2584,3876
325,0.004833257102098581,0.8311749939370686,2.0383000842727483e-16,4.440892098500626e-16,False,,,2600,3900
327,0.004803695440424463,0.8311806643171996,1.1102230246251565e-16,4.440892098500626e-16,False,,,2616,3924
329,0.004774493199293672,0.8311862652679181,2.42861286636753e-17,5.551115123125783e-16,False,,,2632,3948
331,0.004745643863332763,0.83119179805658,8.066464163292153e-17,5.551115123125783e-16,False,,,2648,3972
333,0.004717141073699653,0.8311972639198831,2.654126918244515e-16,5.551115123125783e-16,False,,,2664,3996
335,0.004688978623410838,0.831202664064789,2.7538735181131813e-17,1.9984014443252818e-15,False,,,2680,4020
337,0.004661150452835,0.8312079996694114,7.892991815694472e-17,1.4432899320127035e-15,False,,,2696,4044
339,0.004633650645346151,0.8312132718838724,5.551115123125783e-17,4.440892098500626e-16,False,,,2712,4068
341,0.004606473423129747,0.8312184818311292,1.1102230246251565e-16,1.5543122344752192e-15,False,,,2728,4092
343,0.004579613143135529,0.8312236306077712,3.2959746043559335e-17,6.661338147750939e-16,False,,,2744,4116
345,0.004553064293171155,0.8312287192847905,5.551115123125783e-17,4.440892098500626e-16,False,,,2760,4140
347,0.004526821488130917,0.8312337489083225,7.025630077706069e-17,2.220446049250313e-16,False,,,2776,4164
349,0.004500879466354141,0.8312387205003641,1.6479873021779667e-16,1.9984014443252818e-15,False,,,2792,4188
351,0.004475233086108094,0.8312436350594662,2.7582103268031233e-16,1.1102230246251565e-16,False,,,2808,4212
353,0.004449877322190452,0.8312484935614006,5.551115123125783e-17,6.661338147750939e-16,False,,,2824,4236
355,0.004424807262646627,0.8312532969598078,1.0321604682062002e-16,3.3306690738754696e-16,False,,,2840,4260
357,0.004400018105597432,0.8312580461868192,2.1510571102112408e-16,1.7763568394002505e-15,False,,,2856,4284
359,0.004375505156172799,0.8312627421536619,3.729655473350135e-17,8.881784197001252e-16,False,,,2872,4308
361,0.004351263823547421,0.8312673857512389,2.458970527197124e-16,4.440892098500626e-16,False,,,2888,4332
363,0.004327289618074398,0.8312719778506954,1.478851763270228e-16,6.661338147750939e-16,False,,,2904,4356
365,0.00430357814851312,0.8312765193039613,2.47198095326695e-16,2.220446049250313e-16,False,,,2920,4380
367,0.004280125119347801,0.8312810109442793,2.2985086056692694e-16,5.551115123125783e-16,False,,,2936,4404
369,0.004256926328193206,0.8312854535867142,4.098284211995207e-17,4.440892098500626e-16,False,,,2952,4428
371,0.004233977663284317,0.8312898480286455,1.1492543028346347e-16,6.661338147750939e-16,False,,,2968,4452
373,0.004211275101046732,0.8312941950502446,1.1102230246251565e-16,4.440892098500626e-16,False,,,2984,4476
375,0.004188814703744846,0.831298495414937,4.7704895589362195e-17,1.2212453270876722e-15,False,,,3000,4500
377,0.004166592617204873,0.8313027498698493,1.1102230246251565e-16,4.440892098500626e-16,False,,,3016,4524
379,0.004144605068609971,0.8313069591462401,5.4643789493269423e-17,6.661338147750939e-16,False,,,3032,4548
381,0.00412284836436482,0.8313111239599216,2.7755575615628914e-17,2.220446049250313e-16,False,,,3048,4572
383,0.004101318888027098,0.8313152450116634,2.1076890233118206e-16,6.661338147750939e-16,False,,,3064,4596
385,0.004080013098303447,0.8313193229875863,5.551115123125783e-17,3.3306690738754696e-16,False,,,3080,4620
387,0.00405892752710757,0.8313233585595431,2.3418766925686896e-16,1.7763568394002505e-15,False,,,3096,4644
389,0.004038058777678238,0.8313273523854868,1.8431436932253575e-16,1.1102230246251565e-16,False,,,3112,4668
391,0.004017403522755065,0.83133130510983,9.237402509576498e-17,4.440892098500626e-16,False,,,3128,4692
393,0.003996958502809976,0.8313352173637889,6.895525817007808e-17,1.6653345369377348e-15,False,,,3144,4716
395,0.003976720524332414,0.8313390897657223,7.676151381197371e-17,1.7763568394002505e-15,False,,,3160,4740
397,0.003956686458166373,0.8313429229214538,1.465841337200402e-16,6.661338147750939e-16,False,,,3176,4764
399,0.003936853237897456,0.8313467174245912,4.683753385137379e-17,4.440892098500626e-16,False,,,3192,4788
401,0.003917217858288198,0.831350473856831,2.931682674400804e-16,1.3322676295501878e-15,False,,,3208,4812
403,0.003897777373759975,0.8313541927882556,1.1102230246251565e-16,4.440892098500626e-16,False,,,3224,4836
405,0.003878528896919909,0.8313578747776231,5.2909066017292616e-17,1.7763568394002505e-15,False,,,3240,4860
407,0.0038594695971311942,0.831361520372645,1.1102230246251565e-16,8.881784197001252e-16,False,,,3256,4884
409,0.003840596699125379,0.8313651301102598,6.895525817007808e-17,5.551115123125783e-16,False,,,3272,4908
411,0.003821907481655164,0.8313687045168958,5.160802341031001e-17,5.551115123125783e-16,False,,,3288,4932
413,0.003803399276186345,0.8313722441087266,1.3834419720915037e-16,2.220446049250313e-16,False,,,3304,4956
415,0.003785069465627581,0.8313757493919198,5.2909066017292616e-17,9.992007221626409e-16,False,,,3320,4980
417,0.003766915483096718,0.8313792208628791,2.3288662664988635e-16,9.992007221626409e-16,False,,,3336,5004
419,0.003748934810722444,0.8313826590084774,1.196959198423997e-16,4.440892098500626e-16,False,,,3352,5028
421,0.0037311249784801027,0.8313860643062849,2.6237692574149207e-16,4.440892098500626e-16,False,,,3368,5052
423,0.003713483563060537,0.8313894372247905,5.551115123125783e-17,4.440892098500626e-16,False,,,3384,5076
425,0.0036960081867708694,0.8313927782236166,6.461844948013606e-17,7.771561172376096e-16,False,,,3400,5100
427,0.0036786965164661753,0.8313960877537275,2.177077962350893e-16,1.7763568394002505e-15,False,,,3416,5124
429,0.0036615462625110414,0.8313993662576321,9.8879238130678e-17,1.3322676295501878e-15,False,,,3432,5148
431,0.0036445551777700377,0.8314026141695818,1.1102230246251565e-16,1.1102230246251565e-15,False,,,3448,5172
433,0.0036277210566261673,0.8314058319157627,7.45931094670027e-17,4.440892098500626e-16,False,,,3464,5196
435,0.0036110417340263937,0.8314090199144801,7.22078646875346e-17,4.440892098500626e-16,False,,,3480,5220
437,0.0035945150845533807,0.8314121785763415,1.1102230246251565e-16,1.1102230246251565e-15,False,,,3496,5244
439,0.0035781390215226037,0.8314153083044319,6.852157730108388e-17,1.3322676295501878e-15,False,,,3512,5268
441,0.0035619114961040347,0.8314184094944865,3.0357660829594124e-16,4.440892098500626e-16,False,,,3528,5292
443,0.0035458304964676155,0.8314214825350558,1.7650811368064012e-16,1.3322676295501878e-15,False,,,3544,5316
445,0.003529894046951777,0.8314245278076687,3.491130995403324e-17,2.220446049250313e-16,False,,,3560,5340
447,0.003514100207254282,0.8314275456869913,3.642919299551295e-17,2.220446049250313e-16,False,,,3576,5364
449,0.0034984470716446885,0.8314305365409789,7.632783294297951e-17,8.881784197001252e-16,False,,,3592,5388
451,0.003482932768197779,0.8314335007310263,2.1206994493816467e-16,6.661338147750939e-16,False,,,3608,5412
453,0.003467555458047284,0.8314364386121139,8.586881206085195e-17,1.4432899320127035e-15,False,,,3624,5436
455,0.003452313334659296,0.831439350532949,5.117434254131581e-17,1.7763568394002505e-15,False,,,3640,5460
457,0.0034372046231247646,0.8314422368361023,1.1102230246251565e-16,2.220446049250313e-16,False,,,3656,5484
459,0.0034222275794704798,0.8314450978581449,1.8908485888147197e-16,9.992007221626409e-16,False,,,3672,5508
461,0.003407380489988,0.8314479339297781,1.8865117801247777e-17,1.7763568394002505e-15,False,,,3688,5532
463,0.0033926616705799713,0.8314507453759586,1.1102230246251565e-16,4.440892098500626e-16,False,,,3704,5556
465,0.003378069466123312,0.8314535325160269,4.7271214720367993e-17,8.881784197001252e-16,False,,,3720,5580
467,0.003363602249848765,0.831456295663824,1.981921571303502e-16,2.220446049250313e-16,False,,,3736,5604
469,0.003349258422736329,0.8314590351278122,1.1102230246251565e-16,4.440892098500626e-16,False,,,3752,5628
471,0.0033350364129260826,0.8314617512111878,2.8319360745321376e-16,1.1102230246251565e-15,False,,,3768,5652
473,0.0033209346751439674,0.8314644442119948,1.1102230246251565e-16,1.4432899320127035e-15,False,,,3784,5676
475,0.0033069516901420726,0.8314671144232328,2.8145888397723695e-16,1.3322676295501878e-15,False,,,3800,5700
477,0.003293085964152998,0.8314697621329625,2.255140518769849e-16,4.440892098500626e-16,False,,,3816,5724
479,0.0032793360283578958,0.8314723876244113,5.551115123125783e-17,2.220446049250313e-16,False,,,3832,5748
481,0.003265700438367774,0.831474991176073,5.854691731421724e-17,8.881784197001252e-16,False,,,3848,5772
483,0.0032521777737176925,0.8314775730618059,2.1033522146218786e-16,1.6653345369377348e-15,False,,,3864,5796
485,0.0032387666373734757,0.8314801335509309,6.461844948013606e-17,8.881784197001252e-16,False,,,3880,5820
487,0.003225465655250574,0.8314826729083216,1.1622647289044608e-16,6.661338147750939e-16,False,,,3896,5844
489,0.0032122734757447403,0.8314851913944994,1.8344700758454735e-16,6.661338147750939e-16,False,,,3912,5868
491,0.0031991887692741695,0.8314876892657201,5.551115123125783e-17,2.220446049250313e-16,False,,,3928,5892
493,0.003186210227832789,0.8314901667740617,2.662800535624399e-16,1.1102230246251565e-16,False,,,3944,5916
495,0.003173336564554377,0.8314926241675091,4.2934406030425976e-17,1.7763568394002505e-15,False,,,3960,5940
497,0.0031605665132872036,0.8314950616900373,5.551115123125783e-17,1.5543122344752192e-15,False,,,3976,5964
499,0.0031478988281789006,0.8314974795816911,2.0773313624822265e-16,7.771561172376096e-16,False,,,3992,5988
501,0.0031353322832712817,0.8314998780786644,1.1796119636642288e-16,6.661338147750939e-16,False,,,4008,6012
503,0.0031228656721048183,0.8315022574133778,7.502679033599691e-17,6.661338147750939e-16,False,,,4024,6036
505,0.003110497807332524,0.8315046178145526,5.551115123125783e-17,4.440892098500626e-16,False,,,4040,6060
507,0.0030982275203429725,0.8315069595072845,2.714842239903703e-16,6.661338147750939e-16,False,,,4056,6084
509,0.0030860536608922047,0.8315092827131156,2.6107588313450947e-16,2.220446049250313e-16,False,,,4072,6108
511,0.003073975096744281,0.8315115876501037,1.1102230246251565e-16,4.440892098500626e-16,False,,,4088,6132
513,0.0030619907133202407,0.8315138745328903,1.0451708942760263e-16,6.661338147750939e-16,False,,,4104,6156
515,0.003050099413355241,0.831516143572768,1.1102230246251565e-16,1.1102230246251565e-16,False,,,4120,6180
517,0.0030383001165636553,0.8315183949777457,2.918672248330978e-16,2.220446049250313e-15,False,,,4136,6204
519,0.003026591759311916,0.83152062895261,1.1102230246251565e-16,8.881784197001252e-16,False,,,4152,6228
521,0.00301497329429889,0.8315228456989912,2.745199900733297e-16,6.661338147750939e-16,False,,,4168,6252
523,0.003003443690243588,0.8315250454154197,5.5077470362263625e-17,4.440892098500626e-16,False,,,4184,6276
525,0.0029920019315800165,0.8315272282973883,1.1102230246251565e-16,1.2212453270876722e-15,False,,,4200,6300
527,0.0029806470181589725,0.8315293945374094,1.1102230246251565e-16,2.220446049250313e-16,False,,,4216,6324
529,0.002969377964956607,0.8315315443250699,4.119968255444917e-17,1.4432899320127035e-15,False,,,4232,6348
531,0.0029581938017895736,0.8315336778470896,6.288372600415926e-17,4.440892098500626e-16,False,,,4248,6372
533,0.002947093573036589,0.8315357952873719,1.6263032587282567e-16,1.5543122344752192e-15,False,,,4264,6396
535,0.002936076337366242,0.8315378968270597,1.231653667943533e-16,1.1102230246251565e-15,False,,,4280,6420
537,0.0029251411674708796,0.8315399826445847,7.719519468096792e-17,6.661338147750939e-16,False,,,4296,6444
539,0.0029142871498064275,0.8315420529157195,5.843849709696869e-17,1.7763568394002505e-15,False,,,4312,6468
541,0.0029035133843379685,0.8315441078136251,1.1102230246251565e-16,7.771561172376096e-16,False,,,4328,6492
543,0.0028928189842909575,0.8315461475089022,2.1206994493816467e-16,8.881784197001252e-16,False,,,4344,6516
545,0.0028822030759079035,0.8315481721696352,7.936359902593892e-17,4.440892098500626e-16,False,,,4360,6540
547,0.002871664798210396,0.8315501819614403,9.410874857174178e-17,1.1102230246251565e-15,False,,,4376,6564
549,0.002861203302766331,0.8315521770475099,1.1102230246251565e-16,1.7763568394002505e-15,False,,,4392,6588
551,0.0028508177534622052,0.8315541575886571,5.551115123125783e-17,4.440892098500626e-16,False,,,4408,6612
553,0.002840507326280353,0.8315561237433593,2.229119666630197e-16,2.220446049250313e-16,False,,,4424,6636
555,0.0028302712090810026,0.8315580756677993,5.854691731421724e-17,2.220446049250313e-16,False,,,4440,6660
557,0.0028201086013890215,0.8315600135159071,1.691355389077387e-16,1.3322676295501878e-15,False,,,4456,6684
559,0.002810018714185245,0.8315619374394019,1.8561541192951836e-16,2.220446049250313e-16,False,,,4472,6708
561,0.002800000769702267,0.8315638475878291,3.946495907847236e-17,5.551115123125783e-16,False,,,4488,6732
563,0.002790054001224584,0.8315657441086005,1.687018580387445e-16,4.440892098500626e-16,False,,,4504,6756
565,0.0027801776528929793,0.8315676271470329,5.713745448998608e-17,4.440892098500626e-16,False,,,4520,6780
567,0.002770370979513057,0.8315694968463835,4.3151246464923076e-17,1.3322676295501878e-15,False,,,4536,6804
569,0.002760633246367803,0.8315713533478872,2.5153490401663703e-16,6.661338147750939e-16,False,,,4552,6828
571,0.002750963729034093,0.8315731967907928,1.5569143196891844e-16,1.5543122344752192e-15,False,,,4568,6852
573,0.0027413617132030403,0.8315750273123959,1.5265566588595902e-16,6.661338147750939e-16,False,,,4584,6876
575,0.002731826494504094,0.8315768450480752,2.1337098754514727e-16,2.220446049250313e-16,False,,,4600,6900
577,0.002722357378332793,0.8315786501313245,9.540979117872439e-17,4.440892098500626e-16,False,,,4616,6924
579,0.0027129536796820933,0.8315804426937855,1.4007892068512717e-16,2.220446049250313e-16,False,,,4632,6948
581,0.002703614722977178,0.83158222286528,2.6281060661048627e-16,1.887379141862766e-15,False,,,4648,6972
583,0.002694339841913666,0.8315839907738423,3.7621815385247004e-17,1.3322676295501878e-15,False,,,4664,6996
585,0.002685128379299141,0.8315857465457467,2.6237692574149207e-16,4.440892098500626e-16,False,,,4680,7020
587,0.0026759796868979203,0.8315874903055419,2.7755575615628914e-16,4.440892098500626e-16,False,,,4696,7044
589,0.002666893125278987,0.831589222176077,6.375108774214766e-17,3.3306690738754696e-16,False,,,4712,7068
591,0.0026578680636670043,0.8315909422785321,2.7538735181131813e-17,4.440892098500626e-16,False,,,4728,7092
593,0.0026489038797963553,0.831592650732446,9.063930161978817e-17,1.3322676295501878e-15,False,,,4744,7116
595,0.0026399999597681166,0.8315943476557436,3.5128150388530344e-17,4.440892098500626e-16,False,,,4760,7140
597,0.002631155697909911,0.8315960331647642,2.936019483090746e-16,4.440892098500626e-16,False,,,4776,7164
599,0.0026223704966385677,0.8315977073742864,1.1319070680748666e-16,0.0,False,,,4792,7188
601,0.0026136437663255275,0.8315993703975557,1.968911145233676e-16,2.220446049250313e-16,False,,,4808,7212
603,0.002604974925164918,0.831601022346309,1.3921155894713877e-16,8.881784197001252e-16,False,,,4824,7236
605,0.002596363399044258,0.8316026633308004,8.326672684688674e-17,6.661338147750939e-16,False,,,4840,7260
607,0.002587808621417706,0.8316042934598248,3.946495907847236e-17,1.7763568394002505e-15,False,,,4856,7284
609,0.0025793100331818132,0.8316059128407425,5.594483210025203e-17,4.440892098500626e-16,False,,,4872,7308
611,0.002570867082553717,0.8316075215795035,7.708677446371937e-17,1.1102230246251565e-15,False,,,4888,7332
613,0.002562479224951714,0.8316091197806686,7.45931094670027e-17,1.2212453270876722e-15,False,,,4904,7356
615,0.002554145922878168,0.831610707547435,2.168404344971009e-17,1.1102230246251565e-16,False,,,4920,7380
617,0.0025458666458046952,0.8316122849816553,7.892991815694472e-17,4.440892098500626e-16,False,,,4936,7404
619,0.0025376408700595707,0.8316138521838612,2.198762005800603e-16,8.881784197001252e-16,False,,,4952,7428
621,0.0025294680787173174,0.8316154092532847,1.0061396160665481e-16,6.661338147750939e-16,False,,,4968,7452
623,0.0025213477614904143,0.8316169562878786,1.9212062496443139e-16,4.440892098500626e-16,False,,,4984,7476
625,0.0025132794146230913,0.8316184933843375,3.0140820395097023e-16,4.440892098500626e-16,False,,,5000,7500
627,0.002505262540787152,0.8316200206381169,2.3028454143592114e-16,1.7763568394002505e-15,False,,,5016,7524
629,0.002497296648979783,0.8316215381434554,2.194425197110661e-16,8.881784197001252e-16,False,,,5032,7548
631,0.0024893812544233137,0.8316230459933903,6.396792817664476e-17,4.440892098500626e-16,False,,,5048,7572
633,0.0024815158784668666,0.8316245442797799,2.701831813833877e-16,1.2212453270876722e-15,False,,,5064,7596
635,0.002473700048489875,0.8316260330933217,4.2500725161431774e-17,1.7763568394002505e-15,False,,,5080,7620
637,0.002465933297807411,0.831627512523568,5.551115123125783e-17,1.3322676295501878e-15,False,,,5096,7644
639,0.0024582151655772985,0.8316289826589477,4.92227786308419e-17,1.7763568394002505e-15,False,,,5112,7668
641,0.002450545196708959,0.8316304435867807,8.977193988179977e-17,8.881784197001252e-16,False,,,5128,7692
643,0.0024429229417739615,0.8316318953932981,4.85722573273506e-17,3.3306690738754696e-16,False,,,5144,7716
645,0.0024353479569182374,0.8316333381636558,3.469446951953614e-17,1.3322676295501878e-15,False,,,5160,7740
647,0.0024278198037759207,0.8316347719819548,7.892991815694472e-17,8.881784197001252e-16,False,,,5176,7764
649,0.0024203380493847846,0.8316361969312539,4.5319650809894085e-17,4.440892098500626e-16,False,,,5192,7788
651,0.0024129022661032343,0.8316376130935889,1.7824283715661693e-16,6.661338147750939e-16,False,,,5208,7812
653,0.002405512031528826,0.8316390205499862,4.5536491244391186e-17,4.440892098500626e-16,False,,,5224,7836
655,0.0023981669284182804,0.8316404193804796,5.3017486234541167e-17,2.220446049250313e-16,False,,,5240,7860
657,0.0023908665446089545,0.8316418096641246,1.8995222061946038e-16,4.440892098500626e-16,False,,,5256,7884
659,0.0023836104729417448,0.8316431914790138,2.419939248987646e-16,8.881784197001252e-16,False,,,5272,7908
661,0.00237639831118539,0.8316445649022907,2.662800535624399e-16,1.1102230246251565e-15,False,,,5288,7932
663,0.002369229661962143,0.8316459300101657,1.1102230246251565e-16,2.220446049250313e-16,False,,,5304,7956
665,0.0023621041326747864,0.8316472868779284,2.0860049798621105e-16,8.881784197001252e-16,False,,,5320,7980
667,0.0023550213354349594,0.8316486355799627,1.0278236595162582e-16,1.3322676295501878e-15,False,,,5336,8004
669,0.002347980886992768,0.8316499761897591,6.787105599759258e-17,2.220446049250313e-16,False,,,5352,8028
671,0.00234098240866766,0.8316513087799301,1.97758476261356e-16,8.881784197001252e-16,False,,,5368,8052
673,0.0023340255262805274,0.8316526334222208,1.3227266504323154e-16,2.220446049250313e-16,False,,,5384,8076
675,0.0023271098700870176,0.8316539501875243,1.5395670849294163e-17,6.661338147750939e-16,False,,,5400,8100
677,0.002320235074712027,0.831655259145892,2.1532255145562118e-16,1.3322676295501878e-15,False,,,5416,8124
679,0.0023134007790853515,0.8316565603665473,2.3115190317390955e-16,6.661338147750939e-16,False,,,5432,8148
681,0.002306606626378472,0.8316578539178984,1.1102230246251565e-16,1.1102230246251565e-15,False,,,5448,8172
683,0.0022998522639424515,0.8316591398675487,1.5417354892743873e-16,1.7763568394002505e-15,False,,,5464,8196
685,0.0022931373432469137,0.8316604182823102,5.551115123125783e-17,1.9984014443252818e-15,False,,,5480,8220
687,0.0022864615198200993,0.8316616892282127,2.2659825404947043e-16,8.881784197001252e-16,False,,,5496,8244
689,0.002279824453189954,0.8316629527705183,1.1102230246251565e-16,2.220446049250313e-16,False,,,5512,8268
691,0.002273225806826247,0.8316642089737305,6.245004513516506e-17,8.881784197001252e-16,False,,,5528,8292
693,0.00226666524808369,0.8316654579016052,4.954803928258755e-17,8.881784197001252e-16,False,,,5544,8316
695,0.002260142448146039,0.8316666996171628,2.2638141361497333e-16,4.440892098500626e-16,False,,,5560,8340
697,0.002253657081971155,0.8316679341826974,2.8059152223924855e-16,2.220446049250313e-15,False,,,5576,8364
699,0.002247208828237014,0.8316691616597873,1.1102230246251565e-16,1.1102230246251565e-15,False,,,5592,8388
701,0.002240797369288634,0.8316703821093068,2.3418766925686896e-17,4.440892098500626e-16,False,,,5608,8412
703,0.0022344223910859156,0.8316715955914343,4.358492733391728e-17,1.5543122344752192e-15,False,,,5624,8436
705,0.0022280835831523633,0.8316728021656641,1.5612511283791264e-17,2.220446049250313e-16,False,,,5640,8460
707,0.0022217806385246824,0.8316740018908135,2.1445518971763278e-16,1.1102230246251565e-15,False,,,5656,8484
709,0.0022155132537032256,0.8316751948250356,9.519295074422729e-17,8.881784197001252e-16,False,,,5672,8508
711,0.0022092811286032795,0.8316763810258255,2.7538735181131813e-17,0.0,False,,,5688,8532
713,0.0022030839665071666,0.8316775605500323,5.551115123125783e-17,6.661338147750939e-16,False,,,5704,8556
715,0.0021969214740171546,0.8316787334538663,1.6002824065886045e-16,1.5543122344752192e-15,False,,,5720,8580
717,0.0021907933610091517,0.8316798997929091,7.014788055981214e-17,8.881784197001252e-16,False,,,5736,8604
719,0.0021846993405871774,0.8316810596221214,4.141652298894627e-17,7.771561172376096e-16,False,,,5752,8628
721,0.0021786391290385884,0.8316822129958522,2.3418766925686896e-16,2.220446049250313e-15,False,,,5768,8652
723,0.0021726124457900472,0.8316833599678469,1.1102230246251565e-16,8.881784197001252e-16,False,,,5784,8676
725,0.0021666190133642236,0.8316845005912564,2.3765711620882257e-16,1.7763568394002505e-15,False,,,5800,8700
727,0.002160658557337207,0.8316856349186454,4.466912950640278e-17,1.1102230246251565e-16,False,,,5816,8724
729,0.0021547308062966203,0.8316867630019984,1.1102230246251565e-16,8.881784197001252e-16,False,,,5832,8748
731,0.002148835491800423,0.8316878848927306,1.702197410802242e-17,1.1102230246251565e-15,False,,,5848,8772
733,0.0021429723483363866,0.8316890006416929,2.636779683484747e-16,5.551115123125783e-16,False,,,5864,8796
735,0.002137141113282235,0.8316901102991825,1.1709383462843448e-16,4.440892098500626e-16,False,,,5880,8820
737,0.002131341526866431,0.8316912139149478,7.22078646875346e-17,2.220446049250313e-16,False,,,5896,8844
739,0.0021255733321295977,0.8316923115381974,2.8384412875670506e-16,1.3322676295501878e-15,False,,,5912,8868
741,0.0021198362748865705,0.8316934032176067,3.230922474006803e-17,4.440892098500626e-16,False,,,5928,8892
743,0.0021141301036890583,0.8316944890013253,1.1102230246251565e-16,9.992007221626409e-16,False,,,5944,8916
745,0.002108454569788905,0.8316955689369847,1.1102230246251565e-16,1.2212453270876722e-15,False,,,5960,8940
747,0.0021028094271019447,0.8316966430717044,7.600257229123386e-17,5.551115123125783e-16,False,,,5976,8964
749,0.002097194432172432,0.8316977114520989,3.1008182133085427e-17,2.220446049250313e-16,False,,,5992,8988
751,0.002091609344138045,0.8316987741242844,2.680147770384167e-16,8.881784197001252e-16,False,,,6008,9012
753,0.002086053924695442,0.8316998311338862,2.688821387764051e-16,6.661338147750939e-16,False,,,6024,9036
755,0.0020805279380663685,0.8317008825260446,1.0018028073766061e-16,4.440892098500626e-16,False,,,6040,9060
757,0.0020750311509643007,0.8317019283454206,1.199127602768968e-16,2.220446049250313e-16,False,,,6056,9084
759,0.002069563332561614,0.8317029686362039,8.651933336434325e-17,5.551115123125783e-16,False,,,6072,9108
761,0.0020641242544572735,0.8317040034421179,1.1102230246251565e-16,8.881784197001252e-16,False,,,6088,9132
763,0.0020587136906450297,0.8317050328064264,2.196593601455632e-16,8.881784197001252e-16,False,,,6104,9156
765,0.0020533314174821142,0.8317060567719387,2.0339632755828063e-16,4.440892098500626e-16,False,,,6120,9180
767,0.002047977213658423,0.8317070753810173,8.521829075736065e-17,2.220446049250313e-15,False,,,6136,9204
769,0.0020426508601661866,0.8317080886755813,8.218252467440124e-17,8.881784197001252e-16,False,,,6152,9228
771,0.002037352140270102,0.8317090966971148,5.2692225582795515e-17,2.220446049250313e-16,False,,,6168,9252
773,0.0020320808394779415,0.8317100994866707,1.1102230246251565e-16,4.440892098500626e-16,False,,,6184,9276
775,0.002026836745511603,0.8317110970848768,1.7845967759111403e-16,3.3306690738754696e-16,False,,,6200,9300
777,0.0020216196482786193,0.8317120895319416,2.0426368929626904e-16,4.440892098500626e-16,False,,,6216,9324
779,0.002016429339844096,0.8317130768676589,1.1102230246251565e-16,1.9984014443252818e-15,False,,,6232,9348
781,0.002011265614403091,0.8317140591314149,1.43982048506075e-16,4.440892098500626e-16,False,,,6248,9372
783,0.0020061282682534054,0.8317150363621904,1.1622647289044608e-16,6.661338147750939e-16,False,,,6264,9396
785,0.0020010170997688034,0.8317160085985691,1.5742615544489524e-16,9.992007221626409e-16,False,,,6280,9420
787,0.0019959319093726295,0.8317169758787408,1.1102230246251565e-16,1.7763568394002505e-15,False,,,6296,9444
789,0.0019908724995118315,0.8317179382405075,1.2793585635328952e-16,2.220446049250313e-16,False,,,6312,9468
791,0.0019858386746313796,0.8317188957212869,1.1102230246251565e-16,4.440892098500626e-16,False,,,6328,9492
793,0.0019808302411490697,0.8317198483581185,1.478851763270228e-16,1.3322676295501878e-15,False,,,6344,9516
795,0.0019758470074307064,0.831720796187668,7.914675859144182e-17,8.881784197001252e-16,False,,,6360,9540
797,0.001970888783765664,0.8317217392462319,1.1102230246251565e-16,4.440892098500626e-16,False,,,6376,9564
799,0.001965955382342807,0.8317226775697429,1.1102230246251565e-16,1.1102230246251565e-15,False,,,6392,9588
801,0.00196104661722678,0.8317236111937725,8.586881206085195e-17,1.1102230246251565e-15,False,,,6408,9612
803,0.0019561623043346478,0.8317245401535377,4.85722573273506e-17,6.661338147750939e-16,False,,,6424,9636
805,0.0019513022614128797,0.8317254644839039,1.1102230246251565e-16,1.3322676295501878e-15,False,,,6440,9660
807,0.0019464663080146856,0.8317263842193913,2.690989792109022e-16,4.440892098500626e-16,False,,,6456,9684
809,0.0019416542654776782,0.8317272993941758,6.158268339717665e-17,2.220446049250313e-15,False,,,6472,9708
811,0.0019368659569018738,0.8317282100420956,7.068998164605489e-17,2.1094237467877974e-15,False,,,6488,9732
813,0.0019321012071280112,0.831729116196657,1.1102230246251565e-16,8.881784197001252e-16,False,,,6504,9756
815,0.001927359842716196,0.8317300178910336,4.9873299934333204e-18,2.220446049250313e-16,False,,,6520,9780
817,0.0019226416919248539,0.8317309151580751,1.3509159069169385e-16,5.551115123125783e-16,False,,,6536,9804
819,0.0019179465846899937,0.8317318080303089,2.454633718507182e-16,4.440892098500626e-16,False,,,6552,9828
821,0.0019132743526047748,0.8317326965399443,1.3725999503666486e-16,4.440892098500626e-16,False,,,6568,9852
823,0.0019086248288993708,0.831733580718877,2.5045070184415152e-17,4.440892098500626e-16,False,,,6584,9876
825,0.001903997848421128,0.8317344605986926,1.1102230246251565e-16,1.3322676295501878e-15,False,,,6600,9900
827,0.001899393247615008,0.8317353362106695,2.1293730667615307e-16,1.1102230246251565e-15,False,,,6616,9924
829,0.0018948108645043193,0.8317362075857844,8.261620554339544e-17,8.881784197001252e-16,False,,,6632,9948
831,0.001890250538671721,0.8317370747547141,1.1102230246251565e-16,2.220446049250313e-16,False,,,6648,9972
833,0.0018857121112405045,0.8317379377478409,1.1102230246251565e-16,2.220446049250313e-16,False,,,6664,9996
835,0.0018811954248561427,0.8317387965952546,4.163336342344337e-17,1.3322676295501878e-15,False,,,6680,10020
837,0.0018767003236681021,0.831739651326756,7.914675859144182e-17,1.7763568394002505e-15,False,,,6696,10044
839,0.0018722266533119192,0.8317405019718626,3.220080452281948e-17,1.1102230246251565e-15,False,,,6712,10068
841,0.001867774260891528,0.8317413485598089,2.45029690981724e-16,4.440892098500626e-16,False,,,6728,10092
843,0.0018633429949618417,0.8317421911195518,1.1102230246251565e-16,4.440892098500626e-16,False,,,6744,10116
845,0.0018589327055115823,0.831743029679773,3.0574501264091225e-17,1.5543122344752192e-15,False,,,6760,10140
847,0.0018545432439463505,0.8317438642688826,2.400423609882907e-16,6.661338147750939e-16,False,,,6776,10164
849,0.0018501744630719387,0.8317446949150228,1.966742740888705e-16,1.9984014443252818e-15,False,,,6792,10188
851,0.0018458262170778757,0.8317455216460694,8.673617379884035e-17,5.551115123125783e-16,False,,,6808,10212
853,0.0018414983615212066,0.8317463444896377,8.218252467440124e-17,1.5543122344752192e-15,False,,,6824,10236
855,0.001837190753310496,0.831747163473082,1.1102230246251565e-16,2.220446049250313e-16,False,,,6840,10260
857,0.0018329032506900589,0.8317479786235019,8.370040771588094e-17,1.3322676295501878e-15,False,,,6856,10284
859,0.0018286357132244113,0.8317487899677438,5.139118297581291e-17,2.220446049250313e-16,False,,,6872,10308
861,0.0018243880017829342,0.8317495975324033,2.7647155398380363e-16,6.661338147750939e-16,False,,,6888,10332
863,0.0018201599785247565,0.8317504013438296,2.717010644248674e-16,6.661338147750939e-16,False,,,6904,10356
865,0.0018159515068838419,0.8317512014281266,3.7513395167998453e-17,2.220446049250313e-16,False,,,6920,10380
867,0.0018117624515542865,0.8317519978111578,1.3400738851920835e-16,1.7763568394002505e-15,False,,,6936,10404
869,0.0018075926784758176,0.8317527905185466,1.1102230246251565e-16,1.5543122344752192e-15,False,,,6952,10428
871,0.0018034420548194907,0.8317535795756824,1.1102230246251565e-16,1.3322676295501878e-15,False,,,6968,10452
873,0.0017993104489735876,0.8317543650077192,5.551115123125783e-17,2.220446049250313e-15,False,,,6984,10476
875,0.0017951977305297026,0.8317551468395813,4.83554168928535e-17,4.440892098500626e-16,False,,,7000,10500
877,0.0017911037702690237,0.8317559250959657,2.0122792321330962e-16,1.3322676295501878e-15,False,,,7016,10524
879,0.0017870284401487972,0.8317566998013428,2.905661822261152e-17,7.771561172376096e-16,False,,,7032,10548
881,0.0017829716132889803,0.8317574709799613,5.551115123125783e-17,4.440892098500626e-16,False,,,7048,10572
883,0.0017789331639590713,0.8317582386558487,1.231653667943533e-16,8.881784197001252e-16,False,,,7064,10596
885,0.0017749129675651224,0.8317590028528157,1.6197980456933436e-16,6.661338147750939e-16,False,,,7080,10620
887,0.0017709109006369247,0.8317597635944566,2.415602440297704e-16,8.881784197001252e-16,False,,,7096,10644
889,0.0017669268408153681,0.8317605209041533,1.1102230246251565e-16,8.881784197001252e-16,False,,,7112,10668
891,0.0017629606668399709,0.8317612748050778,2.8189256484623115e-17,1.7763568394002505e-15,False,,,7128,10692
893,0.0017590122585365775,0.8317620253201932,1.739060284666749e-16,1.4432899320127035e-15,False,,,7144,10716
895,0.0017550814968052195,0.8317627724722568,2.0751629581372555e-16,2.1094237467877974e-15,False,,,7160,10740
897,0.001751168263608142,0.8317635162838232,2.3809079707781677e-16,8.881784197001252e-16,False,,,7176,10764
899,0.0017472724419579863,0.8317642567772449,1.1102230246251565e-16,2.220446049250313e-16,False,,,7192,10788
901,0.0017433939159061328,0.8317649939746756,2.1076890233118206e-16,1.3322676295501878e-15,False,,,7208,10812
903,0.0017395325705311972,0.8317657278980721,5.637851296924623e-17,1.7763568394002505e-15,False,,,7224,10836
905,0.0017356882919276806,0.831766458569198,7.719519468096792e-17,4.440892098500626e-16,False,,,7240,10860
907,0.0017318609671947672,0.8317671860096222,5.551115123125783e-17,6.661338147750939e-16,False,,,7256,10884
909,0.0017280504844252736,0.8317679102407248,5.551115123125783e-17,4.440892098500626e-16,False,,,7272,10908
911,0.0017242567326947403,0.8317686312836973,7.37257477290143e-17,4.440892098500626e-16,False,,,7288,10932
913,0.001720479602050669,0.8317693491595449,2.8189256484623115e-17,4.440892098500626e-16,False,,,7304,10956
915,0.001716718983501899,0.8317700638890889,6.440160904563896e-17,8.881784197001252e-16,False,,,7320,10980
917,0.001712974769008124,0.8317707754929684,4.7379634937616544e-17,1.3322676295501878e-15,False,,,7336,11004
919,0.001709246851469546,0.831771483991642,3.8055496254241206e-17,7.771561172376096e-16,False,,,7352,11028
921,0.0017055351247166621,0.831772189405391,2.654126918244515e-16,8.881784197001252e-16,False,,,7368,11052
923,0.0017018394835001875,0.8317728917543197,2.8406096919120216e-17,1.5543122344752192e-15,False,,,7384,11076
925,0.0016981598234811046,0.8317735910583585,2.5825695748604716e-16,5.551115123125783e-16,False,,,7400,11100
927,0.0016944960412208455,0.831774287337265,5.4643789493269423e-17,6.661338147750939e-16,False,,,7416,11124
929,0.0016908480341715985,0.8317749806106266,1.1102230246251565e-16,6.661338147750939e-16,False,,,7432,11148
931,0.0016872157006667398,0.8317756708978618,5.97395397039513e-17,9.992007221626409e-16,False,,,7448,11172
933,0.0016835989399113897,0.8317763582182222,6.678685382510707e-17,6.661338147750939e-16,False,,,7464,11196
935,0.0016799976519730885,0.8317770425907943,1.710871028182126e-16,1.3322676295501878e-15,False,,,7480,11220
937,0.0016764117377725922,0.8317777240345009,2.0968470015869656e-16,4.440892098500626e-16,False,,,7496,11244
939,0.0016728410990747874,0.8317784025681036,1.207801220148852e-16,9.992007221626409e-16,False,,,7512,11268
941,0.0016692856384797187,0.8317790782102044,2.3028454143592114e-16,5.551115123125783e-16,False,,,7528,11292
943,0.0016657452594137333,0.8317797509792462,5.746271514173174e-17,4.440892098500626e-16,False,,,7544,11316
945,0.0016622198661207371,0.831780420893516,5.551115123125783e-17,2.220446049250313e-16,False,,,7560,11340
947,0.0016587093636535614,0.8317810879711458,6.472686969738461e-17,9.992007221626409e-16,False,,,7576,11364
949,0.001655213657865439,0.8317817522301145,1.4094628242311558e-16,6.661338147750939e-16,False,,,7592,11388
951,0.001651732655401587,0.8317824136882489,5.323432666903827e-17,8.881784197001252e-16,False,,,7608,11412
953,0.0016482662636908973,0.8317830723632264,3.469446951953614e-17,1.9984014443252818e-15,False,,,7624,11436
955,0.0016448143909377295,0.8317837282725759,2.94469310047063e-16,4.440892098500626e-16,False,,,7640,11460
957,0.0016413769461138092,0.8317843814336789,6.591949208711867e-17,1.3322676295501878e-15,False,,,7656,11484
959,0.0016379538389502248,0.8317850318637716,3.426078865054194e-17,6.661338147750939e-16,False,,,7672,11508
961,0.001634544979929526,0.8317856795799472,1.1102230246251565e-16,4.440892098500626e-16,False,,,7688,11532
963,0.0016311502802779211,0.8317863245991558,1.4051260155412137e-16,8.881784197001252e-16,False,,,7704,11556
965,0.0016277696519575702,0.8317869669382064,2.8601253310167607e-16,8.881784197001252e-16,False,,,7720,11580
967,0.0016244030076589743,0.8317876066137693,2.478486166301863e-16,6.661338147750939e-16,False,,,7736,11604
969,0.0016210502607934593,0.8317882436423768,2.3375398838787476e-16,2.220446049250313e-16,False,,,7752,11628
971,0.0016177113254857516,0.8317888780404239,2.7755575615628914e-16,2.220446049250313e-15,False,,,7768,11652
973,0.001614386116566647,0.8317895098241715,7.806255641895632e-17,1.4432899320127035e-15,False,,,7784,11676
975,0.0016110745495657686,0.8317901390097461,1.5569143196891844e-16,1.4432899320127035e-15,False,,,7800,11700
977,0.0016077765407044142,0.8317907656131421,2.682316174729138e-16,8.881784197001252e-16,False,,,7816,11724
979,0.00160449200688849,0.8317913896502224,8.543513119185775e-17,2.220446049250313e-16,False,,,7832,11748
981,0.0016012208657015339,0.8317920111367207,2.0339632755828063e-16,3.3306690738754696e-16,False,,,7848,11772
983,0.00159796303539782,0.8317926300882426,1.5092094240998222e-16,6.661338147750939e-16,False,,,7864,11796
985,0.001594718434895551,0.8317932465202659,2.3136874360840665e-16,2.220446049250313e-16,False,,,7880,11820
987,0.0015914869837701283,0.8317938604481432,1.7845967759111403e-16,2.220446049250313e-16,False,,,7896,11844
989,0.001588268602247511,0.8317944718871028,4.575333167888829e-17,1.7763568394002505e-15,False,,,7912,11868
991,0.0015850632111976486,0.8317950808522487,2.6085904270001237e-16,4.440892098500626e-16,False,,,7928,11892
993,0.0015818707321279954,0.8317956873585644,1.0907073855204175e-16,3.3306690738754696e-16,False,,,7944,11916
995,0.0015786910871771046,0.8317962914209118,2.242130092700023e-16,1.5543122344752192e-15,False,,,7960,11940
997,0.0015755241991082982,0.831796893054033,5.572799166575493e-17,8.881784197001252e-16,False,,,7976,11964
999,0.0015723699913034125,0.8317974922725527,2.467644144577008e-16,1.9984014443252818e-15,False,,,7992,11988
1001,0.0015692283877566191,0.8317980890909772,1.2923689896027213e-16,8.881784197001252e-16,False,,,8008,12012
